Id,Predicted
0,HE'S DONE DERY WELFFER STOCKHOLDER
1,THE COMPANY ALSO DONATED FIFTY THOUSAND DOLLARS TO A LOCAL ENVIRONMENTAL GROUP TO HIRE SPECIALISTS TO AVAILA THE COMPANY'S PLANS TO CLEAN UP CONTAMINATED SITES
2,THE GOLD CARD WHICH INCREASED A FEW ADDITIONAL SERVICES WILL NOW COST AND SEVENTY FIVE DOLLARS AREAS
3,NO FIRM PLANT HAS BEEN DIVEDS BUT IT IS UNDER CONSIDERATION TO REVEAT THE WHOLE STRUCTURE
4,THEY NOTED THAT CONSUMERS MAY HAVE STEP UP THEIR PURCHASES LAST MONTH IN ORDER TO BE ABLE TO DEDUCT THE SALES TAX ON THEIR NINETEEN EIGHTY SIX TAX RETURNS PERIOD
5,WE CAN'T BE DOG MAD A ABOUT IT PERIOD DOUBLE-QUOTE
6,THE COURTING TO HIGH SLASH LOW RESEARCH COMMA THIRTY FIVE MILLION PEOPLE PURCHASED DEFICING LICENS IN NINETEEN EIGHTY FOUR PERIOD
7,WITH THIRTY MILLION TELEPHONES COMMA WEST GERMANY RANKS BY HED ONLY THE U. S. AND DAPINIS FINAMEREEETS PERIOD
8,HE PRIVATELY INSISTS E. POSES REPEAL COMMA BUT SOMETHING HE IS USING HIS OBSISTING AS OPPOSITION AS A BAGAINING SHIP PERIOD
9,MEANWHILE COMMA THEY HILLED THAT MANY BE NECESSABLE REVENUE BONDS HAS BEEN HAVERING AROUND EIGHT AND ONE EIGHTH PERCENT PERIOD
10,HIS CREDENTIAL SUGGESTED THAT THE SOVIETS MIGHT HARBOR MORE INTEREST TIND DEPLOYMEY SEE THE REAL ETSTATE
11,REGARDLESS OF THE ALCOME OF ANY MEETING WITH DRELED CONSTANT SEEMS ALMOST CERTAIN TO NOMINATE ITS OWN SLATE OF DIRECTORS SOMETIME NEXT WEEK
12,THE WORRIES ARE OF TWO KINDS
13,LAST WEEK COMMA THE PAROVIE AND GOVERNMENT ORDERED THAT ALL SOVER PRODUCED BY STATE HYPHEN OWNED MINES MUST BE SOLD TO THE CENTRAL BANK PERIOD
14,HOLTELS CAN USE THE TECHNOLOGY TO PREDICT ONE BUSINESS WILL BE UNUSUALLY SLOW AND THUS WHEN MORE DISCOUNTING IS NANED END OF NEW NEW WAYS WELL EAST LOW AND MORE DISCOUNTING IS NANED END
15,THE VARIONE DEA COMMA THEY ARGUED COMMA MIGHT BE TAKEN BY EMPLOYEES AS A SLATIN THE FACE PERIOD
16,AT LEAST TWO HUNDRED EIGHTY THOUSAND NOW FIXED THINGS ON THEIR OWN PERIOD
17,IT MAY BE THAT OUR STRUCTURE AND MULTIPLE CITY OF CORPORATION ISN'T THE MOST EFFECTIVE FOR THE FUTURE
18,SO FINALLY THE WORRIED NEW YORKER HAD AS BLOD TESTED FOR EVIDENCE OF THE AGE VIRUS
19,CREATING A NEW T. A FREE SON ON IS PARTLY ALOK A DECISION SITISONS ARE GOVERNMENT AND ACCERTAIN GEOGRAPHICARRY DECIDED BAN NUCLEAR WEAPONS FROM THAT AREAS
20,GRAINS AND SOYBEANS MOST CORN AND QUETE FUTURES PRICES WERE STRONGER
21,IN NINETEEN EIGHTY FIVE ENDS OIL ONE NEARLY EVEN BILLION DOLLARS IN DAMAGES AT TRIAL THE BIGGEST JARGEMENT EVER AWARDED A PLANTING EARLER WARDED A PLANTING EIGHTY FIVE PERIOD
22,THE PILOT AND AMERICAN AND TWO OTHERS ABOUR DIED IN THE MERICAN AND TWO OTHERS
23,THE BANK HOLDING COMPANY SLATED ANOTHER FIFTY MILLION DOLLAR SALE FOR NEXT TUESDAY
24,IN WILS SELL EXTIVENED AT A LATER DATE
25,HE ALSO SAYS THE AUTHORITIES MEAN WITH THEY SAY THAT THEY WILL NOT STAND ASIDE AND LITE CURRENCIES REACH NEW LOSE POST ELECTION
26,SHORT TERM RATES HE SAYS ARE LIKELY TO REMAIN STEADY OR MOOTHS SOME WHAT HIGHER
27,IN RECENT WEEKS COMMA FOR EXAMPLE COMMA READERS HERE HAVE HURT OF THE BANNING OF DOUBLE-QUOTE ANTI HYPHEN IRISH JOKES DOUBLE-QUOTE IN ONE LONDON BURROW PERIOD
28,IN AUGUST COMMA A PACIFIC TELESIS CREW UNIT MADE A SEMILAR DURING TEE TO THE COMMUNICATIONS WORKERS OF AMERICA COMMA PROVIDING TRAINING FOR NO POSITIONS OF NECESSARY PERIOD
29,BRITISH APPLIANCE MAKERS HAVE LOST GROUND TO CONTINENTAL EUROPEANS WHO OF THE STABLISH TO A REPUTATION FOR DESIGN AND QUALITY STANDARD PERIOD
30,THEY GIN HUDSON FELL WINAR TO FIFTY AN ACTIVE TRADING PERIOD
31,MR. COLLIN'S LEARNED THAT AN OWNE'S CORNING DIVISION WAS REDUCING ITS STAFF AND WOULD NEED OUTSIDE HELPED TO PRODUCE AN USE LATER
32,IN SEPTEMBER THE COMPANY RECEIVED NINETY SIX POINT EIGHT MILLION DOLLARS AS IT SHARE OF DAMAGES FROM A BREACHE OF CONTRACT AWARD RELATED TO A COAL PARTNERSHIP
33,THAT WOULD BE OUT FROM MAIL THAT GAR A ONE POINT SEVEN PERCENT PAYS ESTIMATED FOR THIS QUARTER PERIOD
34,THE COMPANY DECLINED TO COMMENT ON THE RESULTS
35,THE LAW SHEPBEN PLAN FOR EARLIER THIS YEAR BUT WITH SCRABBED BY THE SPACE AGENCY ABOUT FIVE TIMES BECAUSE OF DESIGN AND OTHER DELAYS PERIOD
36,THE BIG GINGING A VANISTALITIANS FOR RONALD REAGAN TO LOOK IN THE MERR AND ADMET THAT THIS WAS ON A STATE PERIOD
37,THE NATIONAL AVERAGE WAS FOUR POINT SIX THREE PERCENT AND DECEMBER NINETEEN EIGHTY SIX
38,THE CHIRES BY NAKASONE CAME AFTER THE FORMER FINANCE MINISTER AND IS TO RIVALS WERE DEBT LOCKED OVER COUNSURED BEING AND PRESIDENT OF THE RULING LIBERAL DEMOCRATIC PARTY
39,AND THEY BALK AT THE APPROACH USED IN MEET IN PULLY PLANTS DASH CONTINUES IN SPECTION OF PRODUCTION LINES PERIOD
40,HOWEVER THE OTHER OFFICIALS CHARACTERIZED SMESSAGE AS LETTUTES TRIES OF FONONY BELONG A ACCOUNTING OR WEAKEN CAUSE CASO
41,SEPARATELY MOVIES INVESTORS SERVICE INCORPORATED SAID IT PLACED C. S. X. AND ITS TRANSPORTATION SUBSIDIARIES ON REVIEW FOR POSSIBLE DOWNGRADE BECAUSE OF C. S. X.'S RESTRUCTURING PLAN
42,HOTELS CAN USE THE TECHNOLOGY TO PREDICT WHEN BUSINESS WILL BE UNUSUALLY SLOW DASH AND THUS ONE MORE DISCOUNTING IS NEED PERIOD
43,ALTHOUGH MOST OF THOSE OF BEEN WEEK PERFORMERS THIS YEAR THAT HASN'T STOFF OTHERS FROM TRYING TO CASH AND ON THE TERMS NWWW CASH SHARE
44,YESTERDAY'S LOSERS INCLUDED AUTOMOBILEES PERIOD
45,THE FEW ON THE GREAN OR BASIC CARD WILL JUMP TO FIFTY FIVE DOLLARS
46,THE PROBLEM IS A PAN AM'S UNIONS HAVE LOST CONFIDENCE IN MR. ACARD IN CONTINUE TO INSIST THAT THEY WON'T MAKE CONSESSIONS IN LESS HE IS REPLACED
47,THE ACT WAS AS A NATURAL FOR HIM AS EATING POOR COMMA HE TOLD THE FRIED PERIOD
48,THE MONEY TO PUT THIS PROPOSITION ON THE BALLOT CAME PARTLY FROM THE GRAND HYPHEN CHAMPION GIVER COMMA A CALIFORNIA MEDICAL ASSOCIATION PACK PERIOD
49,THE FIRM SAID IT DOESN'T COMMENT ON ITS STOCK RECOMMENDATIONS OR EARNINGS ESTIMATES
50,RESPONSE THE TENT TO BE NEWEDED
51,ACCEPTED BIDS RANGED FROM SIX POINT THREE EIGHT FIVE PERCENT TO SIX POINT FOUR THREE SIX PERCENT
52,ONLY A FEW STATES REQUIRE UNEMPLOYMENT COMPENSATION FOR LOCKED OUT WORKERS
53,THE SHUTTLE WOULD BE THE FIRST TO LIFT OFF SENSE THE NINETEEN EIGHTY SIX CHALLENGER EXPLOSION PERIOD
54,WATCHING A COMPUTER HYPHEN DRIVEN LAYES TURN RONA METAL INTO A PROCESSION PART COMMA MR. ANNON CONCEDES THE RISK PERIOD
55,AFTER THE MARKET CLOSED COMMA THE MINNESOTA LEGISLATURE OF TASTED ANTI HYPHEN TAKEOVER BILL AND NET THWARTING GART GROUPS INTEREST IN ACQUIRING THE MANY APPLIS HYPHEN BASED RETAILER PERIOD
56,ALTHOUGH A JAPAN'S POLICIES WON'T CHANGE RADICALLY UNDER TAKISTAT A SIXTY THREE IS LACK OF FOREIGN POLICY EXPERIENCE COULD WORSEN'S REPANS IN INTERNATIONAL RELATIONS
57,U. S. ATTORNEY GUILANEY COMMA TRYING TO AUSTIMES TO LEADERS COMMA WILL REVIEW HOW THE BOARD PICKED THE NEW PRESIDENT PERIOD
58,ASKED WITH THE REST OF THE REST OF THE REST OF THE REST OF THE REITY ALLEGED BECAME CONTAMINATED BY THE TERM OF CORRUPTION
59,TRADERS INSIST THAT AN EXPECTED IN JACTION OF LIQUIDITY FROM INVESTMENT TRUST AND OTHER INSTITUTIONS WILL HELP BOOST SHARE PRICES LATER IN THE WEEK
60,WE JUST GET A GOOD SIGN IN THAT MARKET WILL RESPOND
61,THE RULING MIDEN CURRED FURTHER INDUSTRY CONSOLIDATION COMMA A STALLY HOLDER SAYS PERIOD
62,SO WHEN HOURLY OPERATOR WAS PROMOTED DEFLORMAN BUT MAINTAINED ON THE HOURLY PAYROLL
63,YIELD MANAGEMENT IS AT ALL BAD FOR COUSERS PERIOD
64,INSTEAD IT FOUND THAT A FASHION DESIGNED FIRM MAGAL CRUZE INTERNATIONAL RESOPERATING IT THE OLOCATION REGISTERED IS THAT OF MR. POLLOW'S INVESTMENTS FOR POLOS
65,MEANTIME MORE DEPARTURES LOOM ANY FEARS THAT THE OPERTUNITY IS FEARS THAT THE OPERTUNITY IS FEAR
66,FIVE BILLION YEARS FROM NOW THE SUNNI'S LOWLY SLOW THE EARTH AND A HUGE FIRE BALL
67,ANDERED LICROAD OFFICIALS CAN BE THEIR HIGH COURT TO JUDGE MR. AMBER OF LAST SUBUR PERIOD
68,THE RECALL EXPANS ON A WISTROL OF OTHER ROTALS BEGON EARLIER THIS WEEK
69,IN NINETEEN EIGHTY THREE COMMA MEXICO INVENTIALIL ALTO TALKED A PEX THAT HUTRE OIL PURCHASES WITH HAVE TO BE BACK BY LETTERS OF CREDIT BY LETTERS OF CRASH
70,NOT THAT FACT MACHINES ARE NEW PERIOD
71,HE ALSO SAYS THE AUTHORITIES MEAN WHAT THEY SAY THE THEY WILL NOT STAND ASIDE LIMIT CURRENCIES REACHED NEW LOSE POST ELECTION
72,INSTEAD MR. SIMON PERSUADED HIM TO JOIN HIS GROW BEST THE CHIEF EXECUTIVE OFFICER OF THE VARIOUS HOLDING COMPANIES TO BE SET UP TO OWN EACH THREAT
73,YET THE BUNDESBOAS IS BENDING OF REBACCORD TO COMPLY WITH U. S. DEMANDS FOR MORE ACCESS PERIOD
74,DOUBLE-QUOTE WE JUST EIGHT GOOD SIGN COMMA AND AT MARKET WILL RESPOND PERIOD DOUBLE-QUOTE
75,BUT BOTH COMPANY SHOULD BENEFIT FROM AN UPTURN AND THE OIL AND NATURAL GAS BUSINESS PERIOD
76,BUT ACCORD'S CREDIBILITY HAS HE ROADED TO THE POINT THAT IF A VAN AME DARTERS BOUGHT GET RIDIVE ACT OF THOSE CONCESSIONS
77,NEW YORK ANDISATION WERE ALLOW ENHCHE EXISTING COMMON SHARE TO BE CONVERTED DO YOU A THIRTY HYPHEN DAY PERIOD INTO TWO POINT SEVEN FIVE CLASS A SHARES PERIOD
78,UNDER THE BUY OUT PLAN COMMA SUNTER INTENDS TO BEGIN A CASH TENDER OFFER FOR ALL OF ALLEGHENY'S SHARES OUTSTANDING BY FRIDAY PERIOD
79,BUT SCORES OF SMALLER STOCKS ROSE COMMA AND SEVERAL OF THE BIGGER NATIONAL MARKET SYSTEM ISSUES MANAGE GAINS AS WELL COMMA BECAUSE OF A KIND WORD FROM AN ANALYST PERIOD
80,THE DUTY TECHNIC CORPORATED'S SUPPORTERS COULDN'T CONTAIN THEMSELVES PERIOD
81,EXPORT PRICES ROSE ONE PERCENT AND THE LATEST QUARTER AND EDGE UP ONLY ZERO POINT TWO PERCENT IN THE LAST YEAR PERIOD
82,THE PHILIPPINE MILITARY SAID IT HADN'T COVERED A PLATE MCCOMMUNIST GREW AS TO KILL RETIRE U. S. MAJOR GENERAL SINGLE
83,THE DOUBLE-QUOTE HEAD COUNT COMMA DOUBLE-QUOTE A BOUGHT AS MEASURING DIVISIVE EVER THEY WAS ONE COMMA REMAIN THE SAME SEMI-COLOT THERE WAS NO INCREASE IN SALARY PERSONNEL PERIOD
84,THE FIRM SAID IT DOESN'T COMMENT ON ITS STOCK RECOVENATIONS ORIERINGS ESTIMATES
85,IF SO THAN INCREASING THE COST OF RESEARCH ANALYST SHOULD ACTUALLY REDUCED THE BUILT APPLICAPES FOR AN ALRESEARCH
86,BY THEN COMMA ALLEGHENY SAID COMMA IT WILL HAVE RECEIVED A WAVE FOR MITS LENDING BANKS OF CERTAIN CONDITIONS AND ITS LOAN AGREEMENT PERIOD
87,IF THE SOVIETS DECIDED TO CHANGE THE NATURE OF THE MISSION THAT NOW HOW THE RIGHT GUY HERE SAYS THE ISRAELI OFFICIAL
88,THE GATES AND CORDITORS WERE DESIGNED FIRST MORE AIRCRAFT
89,TRAVE ON LAST MONTH THE GREATEN PRINCIPLE TO SELL ITS INMOND WATER TRANSPORTATION STAVE DEDURING AND PIPE ABRUCATION BUSINESSES FOR AN UNDISCLOSED
90,RAIN HYPHEN LEADERS ARE SOME MARILY FIRE PERIOD
91,A. G. N. WORDS AS IT OFTEN HAS DURING THE PAST YEAR THE SAME LOSE FIRM SHOWED UP ITS NINE NEW YORK COMPETITORS IN THE LATEST AS IN THE YEAR COMPETITORS IN THE LATEST AS IN THE ATTORS
92,UNSULT STOCKS OF TRUCK ARE ABOUT A THIRD HIGHER THAN NORMAL COMMA SAID IT SPOKESMAN FOR THE COMPANY PERIOD
93,GENERALLY OFFICIALS WEREN'T A BE ELLIL AFLIABLE FOR COMMENT PERIOD
94,THE COST OF ANIMAL'S USED IN RESEARCH REPRESENTS ALLY ONE PERCENT TO TWO PERCENT OF TOTAL COSTS
95,AND THE PRESE CERTAIRTERI TO THE MINISTR OF COMMUNICATIONS AND INFORMATION HAS RESPONDED TO NUMEROUS CRITICISM
96,DOUBLE-QUOTE WE HAVE TO BE CONCERNED ABOUT CONFIDENTIALITY COMMA DOUBLE-QUOTE MR. BROWN SAID PERIOD
97,AND DEPARTMENT OF HEALTH AND DIVIDEND SERVICES OF FISHELS AS SPOKEN AGAINST MANDATORY TESTING COMMA A QUANIT TO JAMES BROUND COMMA A SPOKESMAN FOR THE PUBLIC HEALTH SERVICE PERIOD
98,A CECESADE AND SNONE IS AIRCO IS A GENERAL PARTNER OF THEIR CO A HOHO HO HO HOLD HELP PARTNERS AND HAS A ONE PERCENT GENERAL PARTNER INTEREST IN THE PARTNERSHIP
99,NOW SEE BASED TRYING TO MAKE A MENDS
100,WATCHING A COMPUTER HYPHEN DRIVEN LATE TURN RON METAL INTO A PROCESSION PART COMMA MR. AMMUND CONCEDES THE RISK PERIOD
101,IN MAY COMMA A FEDERAL COURT DISMISSED AN ANY TRUSSUE ADDSN'T ARTER HYPHEN DANIEL'S STEMMING FROM ITS NINETEEN EIGHTY TO AGREEMENT TO LEASE ADDITIONAL CORN HYPHEN MILLION PLANTS PERIOD
102,AS SUCH COMMA IT IS OF MOST INTEREST DISCOLORS COMMA COLLECTORS AND PRECTITIONERS OF THE FIRE ARTS COMMA YET ITS TEXAS LARGELY EXCESSIVELE TO THE NON HYPHEN SPECIALIST PERIOD
103,BUT THE PROTESTS RAPIDLY BROKE UP WITH THE MEDIA HEADED HOME
104,THIS MEANS THAT FOR MR. DUB BENETTY TO INCREASE HIS STAKE BY FIFTEEN PERCENT MEMBERS OF MR. LICENS GRIP WOULD HAVE TO SELL THE HAMP
105,BRITISH COMPUTER BRANDS LIKE SINCELLER AND A CORN HAVE BLUEMED BUT QUICKLY FADED PERIOD
106,SOME INVESTORS ARE PREPARING FOR A SHORT TERM CORRECTION THIS MONTH ALTHOUGH MOSTLY THAT IT WON'T BE SIGNIFICANT
107,ABOUT ONE POINT FIVE BILLION DOLLARS OF DEBT IS ON THE REVIEW PERIOD
108,MICHARD END AN ELLER AND DIFFERENT SAGNAMANS WITH THE OIL SERVICES BUSINESS
109,BUT THERE ARE ALSO RISKS
110,WITH ALL THE FIRINGS ON WALL STREET COMMA MAYBE VISIS THE SHOT IN THE ON THAT WE NEED PERIOD
111,BUT THEIR POPULARITY GROUP SLOWLY THE CASE TRANSMISSION OFTEN WAS SLUGGISH COMMA PRENTING MESSA AND MACHINES COULDN'T DOUBLE-QUOTE TALK DOUBLE-QUOTE TO EACH OTHER EFFICIENTLY PERIOD
112,THE WARMING TRAND MAY HAD MELTOD THIS NO COVER ON SOME CROPS
113,DOUBLE-QUOTE THEY HAVEN'T SAID THEY INTEND TO RAISE THEIR STAKE IN A FURTHER COMMA DOUBLE-QUOTE HE SAID PERIOD
114,DOUBLE-QUOTE I TOLD MUMICS THE END OF ITY OLYGA COMMA DOUBLE-QUOTE SAYS MR. ADERA OF COMMA A PARTY VERY IT PERIOD
115,HIS EN. B. A. ALSO ARE SOME COLLEAGUES WHO ARE ACCOTEMPTURIS OF FOREIGN CONCEPTS ESPECIALLY THOSE THAT MAKES THEM WERE HARDER
116,AT LEAST TWO HUNDRED EIGHTY THOUSANDS DOWN FIXED THINGS OTHER OWN PERIOD
117,A GUARDIA HAS ONLY FIFTY SEVEN GATES BUT A PEAK HOURS DOESN'T OF MORE PLANES NAMED ON THE GROUND
118,A TEXAS SECRECY AN AGGRESSIVE THIS CAME BACK TO HUNDED AFTER A PURCHASED CART PERIOD
119,HOWEVER IN LIGHT OF THE STAKE'S ALREADY HELD BY THE VARIOUS FACTIONS ONLY ABOUT TEN PERCENT OF GENERAL DO THE BELIGITS SHARES APPEARED TO BE AVAILABLE ON THE MARKET
120,AND SOME CHAINS SUCH AS HOLIDAY CORPORATION SHARES INCORPORATION AND SHERETS INCORPORATION INSUST THEY WILL MAKE PLANE OF ROOMS AVAILABLE AT PARGAN RAIDS
121,NOT ONLY DEAD THE CONTRACTS AND BENEFITE THE WEAPONS VANIFUCTURERS COMMA THEY ALSO CONTAINED IN SENT OF CLOSES THAT REWARDED PRODUCTION WITHOUT REGARD TO THE ENVIRONMENT COMMA SAFETY AND HEALTH PERIOD
122,A SIXTY HYPHEN DAY TO SIXTY FIVE HYPHEN DAY SUPPLY IS CONSIDERED COMPARABLE PERIOD
123,ABRITOS OF COLON A PORTFOLIO STRATEGIST AT DREXEL BRITAIN LAMBERT SAYS THE LAST INABLILION TO REACTION OF AN AABLE IN WALL STREET
124,I SAT DOWN AND FIGURED OUT WHAT THEY MEETED AND SOLD THEM ONE
125,YET THE BUNDESBOAS DOES BENDING OVER BACKCORD TO COMPLIA WITH U. S. DEMANDS FROM ORE ACCESS PERIOD
126,SO ON HOURLY OPERATOR WAS PROMOTER DEFORMAN THAT MAINTAINED ON THE HOURLY PAYROLL PERIOD
127,THE PINC SHEE A DRUG INDUSTRY TRADE INDUSTRY TRADE LETTER REPORTED THIS WEEK THAT MERCA TWENTY EIGHT THOUSAND APPLICATIONS FOR THE OPEN CASH
128,UNDER TERMS PREVIOUSLY REPORTED DE ATTALIAN AGRICULTURAL CONCERN ASSUMED ABOUT ONE HUNDRED NINETY FIVE MILLION DOLLARS IN SUBORDINATED DEBT AS PART OF THE TRANSIP
129,HE ARGUES THAT FRIDAY'S UNEMPLOYMENT FIGURES UNDERMINED THE THESES OF A SHARPLY SLOWLY ECONOMY BE SESS OF A SHARPLY SLOWLY ECONOMY BEEN 
130,AN ELLSERVESS'S WELLS ONE THERE DRILLED COMMA LAWMIC DEMOMMIT BILLED OFFSHORE DRILLING REGUES
131,JOB RECORDERS ARE SEGREED THE TRAIN A LERRWAY CONSULTANTS PERIOD
132,HE RESTRICTED THIS PARTY TITLES IN STOCK DOUBT COMMA RIBBING UP HIS LEFT CRUDE MEMBERSHIP CARD BEFORE THE WAITING TELEVISION CAMERAS PERIOD
133,NOW COMMA WHATEVER TRAULBACKS AND REAL LIFE COMMA WHEN SON FICTION ARE NOT NECESSARILY BAD THINGS PERIOD
134,THE EXPANDED RECALL WAS DISCLOSED THAT IMMEDIATE WITH AN OURCEIVE OFFICIALS AT AN AGENCY OFFICE OUTSIDE CHICAGO
135,TWO STEP A FALL CAN MEAN HIGHER INFLATION AND DEVENTUALLY HIGHER INTEREST RATES
136,MR. ROBERTSON CONVESTED BE UNDERSTOOD NOT AS A NEW FIGURE IN THE CONSERVATIVE VOVEMENT BUT AS THE AIR OF THE POPULASTS AND FATHER COFFLE
137,BUT HE SAID IN AN INTERVIEW LAST WEEK THAT HE COULD RAISE FIVE HUNDRED MILLION DOLLARS PREFE SA TO PURSUE AN ACQUISITION
138,BUT LOCAL LIERTER THAT THERE ARE WAYS AROUND HIGHING FREEZES PERIOD
139,DOUBLE-QUOTE ALRE ATTORNEYS HAVE EXAMINED THE FACTS AROUND THE MESS MATTER AND NOTHING THAT IS FACTUALLY CORRECT IN THE STORY IS NEW TWO OR COUNSEL PERIOD
140,AT FORTY YEARS OLD MR. WYNG IS RELATIVELY YOUNG FOR HIS JOB AND AD UPSETS COLLEAGUES WHO ARE USED TO A RADIAL IT PROMOTION SYSTEM BASED ON SENIOR
141,PETER AFTER AFRIER SUCCEEDS MR. KINDER IN WASHINGTON A THE VICE PRESIDENT
142,MR. BIESLE NOW SAYS HE SAUT THE ACCOUNTING CHANGES BECAUSE WITHOUT THEM IT WAS CLEARATE SUNAR LAYER WE WITH NEW TAXPAYER MIGHT
143,THE REORGANIZATION WITH ALLOW EIGHT HEXISTING COMMON SHARE TO BE TEN VERTED DURING A THIRTY HYPHEN DAY PERIOD INTO TWO POINT SEVEN FIVE CLASS A. SHARES PERIOD
144,ECONOMIC AGAINY COMMA MORE THAN REFORM COMMA HAS PRODUCT POLL INTO LET THE REPAIRMAN LOSE PERIOD
145,IT IS A PONITION COMMA AT OFTEN DISAPPOINTING EXPERIECE PERIOD
146,I. C. BY THE PAPERS THAT PEOPLE ARE WORRIED ABOUT THE COMING BUDGET SURPLUS
147,BIDS TOTALING SIX HUNDRED FIFTY ONE MILLION DOLLARS WERE SUBMITTED
148,IT ATTEMPTS TO BRING ORDER TO DEMARIET FIVE TO NEAK EXCURRELY DESCRIBED BY A WELLER OF CONFLICTING TERMINAL OGY PERIOD
149,WHILE AGO NOLLEGE IN THE EA N
150,THE EXPANDED RECALL WAS DISCLOSED AT A MEETING WITH AN ARCE OF FISHLES AND AN AGENCY OFFICE OUTSIDE CHICAGO
151,THE REBELS OF ACCUSED SINGLAB A FORMING ANTI COMMUNIST FIDELINTY GRIPS
152,YET EVEN AT EIGHTY SIX HE IS CONSIDERED THE COUNTRY'S MOST NINE A POLITICAL FIGURE
153,MARKET ACTION WAS ESSENTIALLY DODGESTING WENT SAYS RALLY PERIOD
154,MR. CATTENSBERG SAID MUSIC AND PUBLISHING OR AREAS DISNEY WOULD FURTHER EXPLORE WITH THE MOPITS PERIOD
155,FOR EXAMPLE IT LIKE STOCKS THAT SELL IT ALONE MULTIPLE OF THE COMPANY'S BOOK VALUE OR ASSETS MIGHT AS LIABILITIES PERSHARE
156,MR. HOMES ACCORDED SAID HE PLANS TO REVIEW THE STRECTURE OF BELLGROUT
157,THE RECALL EXPANS ON A WITHDRAWAL ABOUT THEIR MODELS BEGON EARLIER THIS WEEK PERIOD
158,THE OTHER IS THAT WE SHOULD HAVE THE SURPLUS BUT WE'LL SURPLUS BUT WE WERE SUBSTANT
159,THE TWO COMPANIES AGREED TO SETTLE A CASE FOR THREE BILLION DOLLARS IN LIGHT DECEMBER
160,WHILE NOT RULING OUT THAT THE U. S. CURRENCY COULD DECLINE OF THE TIME MR. LIPS GEO OF SALAMON SAYS HE THINKS THE JOURY IS STILL OUT
161,HE MADE A SALES COL HE SHARES
162,THUS IN ORDER TO RESERVE ITS RIGHT TO LAUNCH A PROXY FLIGHT CONISTON WOULD NEED ENOMINATE ITS LATE BY FRIDAY AND FEBRUARY NINETEENTH
163,HE HAD BEEN SENIOR VICE PRESIDENT OF WASHINGTON OPERATIONS WHETHER DEFENSE CONTRACTORS
164,HOWEVER INCREASING THE COST OF RESEARCH ANIMALS SHOULD MOTIVE A RESEARCHERS NOT TO WASTE THEM ON MERELY CARRIES OR REPETERTOR STUDIES
165,I. B. M. FELL ONE AND SEVEN EIGHTHS TO ONE HUNDRED TWENTY AND THREE EIGHTHS ON MORE THAN TWO POINT FIVE MILLION SHARES
166,BUT SCORES OF SMALLER STOCKS ROSE AND SEVERAL OF THE BIGGER NATIONAL MARKET SYSTEM ISSUES MANAGED GAINS IS WELL BECAUSE OF A KIND WORD FROM AN ANALYST
167,IT IS CHARGED WITH GETTING THE BEST DEAL FOR SHAREHOLDERS COMMA AND WHEN GET TOP DOLLAR WITHOUT A OTHER BIDDER
168,THRIFT AND NETWORKS
169,HUNDRED SAID A DECE THREE TRANSPARED SHOT DOWN MONDAY BY HUNDRED INFITERS APPARENTLY WAS CARRYING DRAGS FROM COLUMBIA
170,HOWEVER AS SUGGESTED LATER IN THE ARTICLE THE EMPLOYER MAY RESPOND WITH A LOCAT AND DISCONTINUENCE OF PAY
171,ANOTHER ALL IN HAPPY WITH WHAT I HAVE WHAT IT I HAVE UP YOU WITH WHAT IT ALL IN HAPPY WITH A NOT IT ALL IN HA OUT
172,THE NEW DEAL PROCESSIAL SECURITY COMMA AND THE NEW FRENCH AIR BROUGHT MEDICARE PERIOD
173,HE AND OTHER U. S. INDUSTRY LATERS INSIST COMMA THOUGH COMMA THAT IMPORTS SHOULD BE SUBJECT TO THE SAME TO GREE OF SCRUTINY PERIOD
174,IN ADDITION UNLEACHER FREEZONONS OFTEN INCLUDE ARANGENTIANS THAT REQUIRED IN A LEAR WEAPONS DEPLOYED A JACENTS OF THE SON ON ON LAND OR A. C. P. POLL BACK
175,THE BUY OUTPLAN IS CONTINTIONED ON ALLEGHENY RECEIVING THAT WAVER PERIOD
176,NOBODY KNOWS HAVE THE SOUTH AFRICAN GOVERNMENT WILL REACT
177,SO INCREASING THE COST OF ANIMALS WOULD NOT EFFECT THE BILL FOR ANIMAL RESEARCH SIGNIFICANTLY
178,THEY LARGE OF A BOOK DISTRIBUTED AT ANOTHER BURLOCAL JUST EAST REAM SCHARA ABOUT LITTLE BOY WHO CHALLENGE SESSES AND BY DRESSING AS A GGORO
179,IF THESE SEVENTY NINE PERCENT WERE TEES ONLY ONE DOESN'T WARMS ON EVERY TREAT COMMA THEY WOULD USE ALMOST TEN BILLION WORMS EVERY YEAR PERIOD
180,IT INDIVIDE RESIDENTS TO JOIN A COMMITTEE TO AIR THEIR GRIBES AGAINST THE COMPANY AND TO SCOST SOLUTIONS
181,IT INVITED RESIDENTS TO JOIN IT COMMITTEE TO AIR THEIR GRIPS AGAINST THE COMPANY AND DISCUSS SOLUTIONS
182,IN ANY CASE THERE ARE PROBLEMS WITH THE SMOO TRANSITION THIS PERIOD
183,RIGHT NOW HOWEVER THE ECONOMY APPEAR STILL TO BE GROWING
184,PENNZOIL HAS BEEN FREDDING OVER THE DETAILS IF MOVING THE MONEY EVER SAND
185,IT HAD ADJURED ACCESS TO OME GAME PERIOD DOUBLE-QUOTE
186,THE BANK HOLDING COMPANIES FLATED ANOTHER FIFTY MILLION DOLLAR SALE FOR NEXT TUESDAY
187,N. A. S. A. SCHEDULES OF A LONG OF THE SPACE SHOULD DESCOVERY FOR SEPTEMBER TWENTY NINE
188,THE LIBERALS LOST THE POLITICAL DEBATE ON WHETHER TO FUND THE CONTRAS PERIOD
189,U. S. WARSHIPS AND HELD COPTORS CHASED AWAY IN ARONINA AND WARSHIP FROM A CONVOY A FOUR WOULD EACH ANCOUNT
190,MR. GOLGLAS SAID THAT AN ORDER TO MARKET THESE ANOTHER DRAGS MERC PLANS TO INCREASE ITS SALES FORCED BY FIVE HUNDRED THIS YEAR
191,MR. BERRY HAD BEEN PRESIDENT OF HARTMAN SYSTEMS A UNIT OF FIGUE INTERNATIONAL INCORPORATE
192,REDLICTS SEE SOMETHING THAT LEADS TO REAL THE MOCRACIE SAYS JANUABLANE A FIVE SECRETARY GENERAL OF THE INDEPENDENT LIBERAL PARTY
193,BUSINESSES WERE ALSO WARY OF FACTS PROJECTS AFTER A HIGHLY TOWTHED FEDERAL EXPRESSED VENTURE TO PROVIDE FACT SERVICE FLOWNDERED AND WAS JET ISNIN NINETEEN EIGHTY SEVEN PERIOD
194,HOUSE AFRAISER AGREED WEDNESDAY TO BUY HISTOR HOMES ACCORDS ONE HUNDRED TWENTY SEVEN POINT NINE THREE BILLION SEARS SHARES COMMA THE COURT IN DISEARS PERIOD
195,CORN FOR DECEMBER DELEVERY CLOSED AT TWO DOLLARS AND EIGHTY FOUR CENTS A BUSHEL COMMA DOWN SIX POINT FIVE CENTS A BUSHEL PERIOD
196,IT IS A PUNISHING COMMA AN OFTEN DISAPPOINTING EXPERIENCE PERIOD
197,IT INVITED RESIDENTS TO JOIN A COMMITTEE TO AIR THEIR GRIBES AGAINST THE COMPANY AND DISCUSS SOLUTIONS
198,THE LONG SHOULD BEEN PLANT FOR EARLIER THIS YEAR BUT WEST GROBS BY THE SPACE AGENCY ABOUT FIVE TIMES BECAUSE OF DESIGN AND OTHER DELAYS
199,IF THE SEVENTY NINE PERSAME WERE DESE ONLY ONE DOESN'T WORMS AND EVERY TRIP COMMA THEY WOULD DO S OMMAS TENDALLING WORMS EVERY YEAR PERIOD
200,THAT'S MORE ALL SUW THAT THE PLEACHIP ECONOMISTS SIX PECT PERIOD
201,HONDA WAS DOWN TEN TO ONE THOUSAND COMMA NINE HUNDRED THIRTY PERIOD
202,CRESSION SCHWARTZ HYPHEN SHILLING COMMA THE POSTAL MINISTER COMMA BRISSLES AT SUGGESTIONS THAT SUCH CRITICISM LED TO THE DECISION TO DISMANTLE THEM OPPLY PERIOD
203,WHY BUY QUESTION-MARK CONSIDERABLE DOUBLE-QUOTE HE SAID PERIOD
204,LINDER AND TAPS BROKED DOWN WHEN THEY COULDN'T AGREE ON HOW MUCH MANAGEMENT CONTROL EACH WOULD HAVE WILL OVER THE COMPANY COMMA THE SOURCES SAID PERIOD
205,WITH THIRTY MILLION TELEPHONES COMMA WEST CHAIRMAN A RANKS BEHIND ONLY THE U. S. AND JAPANESE FOND MARKETS PERIOD
206,HE COULD PRESS MR. ROLEN TO SELL HIMPART OF LONG ROSE PORTFOLIO PERIOD
207,KOCKAKSONI IS SELECTED IN NOBOLUR TALK AS SHEED OUT TO SUCCEED HIM AS JAPAN'S PREMARI
208,HE SAID HE WOULD REOPEN NATIONAL ASSEMBLY DEBATE ON CONSTITUTIONAL REVISION COMMA WHICH AN APRIL HE ITS SUSPENDED IN TTALE AFTER THE NINETEEN EIGHTY EIGHT ALLIMITS PERIOD
209,THERE'S NO DOUBT WE DO MINISH THE SOVIET THREAT PERIOD SUBSTANTIALLY IN A LAST YEAR SAYS MANA SOUTHER REPRESENTATIVE THAN WEBBER
210,SHAMROCK HAS INTEREST IN TELEVISION AND RADIO STATIONS ENERGY SERVICES REAL ESTATE AND VENTURE CAPITAL
211,GROUPS OF CONSULTANTS FROM SEVERAL MAJOR FIRMS ARE MEETING SECRETALLY TO PLOT DEFECTIONS PERIOD
212,BUT THEIR POPULARITY GREW SLOWLY BECAUSE TRANSMISSION OFTEN WAS SLUGGISH COMMA PRINTING MESSY AND MACHINES COULDN'T DOUBLE-QUOTE TOUGH DOUBLE-QUOTE TO EACH OTHER OFFICIALLY PERIOD
213,AS SIGNS OF A STRONGER ECONOMY AMERICCH ADDS LONGTOR RATES ARE LIKELY TO DRIFTERIER
214,NOT EVERYONE BUYS THE DANTA THE DOLLAR EASES
215,THE FEDERAL EXPRESS SERVICE COMMA WHICH ALLOWED BUSINESS SAID IN DIVIDUALS TO SEND FACTS HAS FROM A COMPANY'S STORES COMMA CAME TOO EARLY AND WITH TO EXPENSIVE COMMA ANALYSTS SAY PERIOD
216,TO ILLEEVATE HIS CONDITION COMMA MR. PATRIS AND STOCK STAVING PERIOD
217,BRITISH COMPUTER BRANDS LIKE SIMPLERIEN ACCORD HAVE BLUE BUT QUICKLY AND DOLLARS
218,JORTS E. A. KINNER THE SECOND WAS NAMED TO THE NEW POST OF SENIOR VICE PRESIDENT IN RELATIONS
219,THE RADING CONCERN ALSO PLACED THE SINGLE A TWO SENIOR DEBT RATING OF C. S. X.'S TEXAS GAS TRANSMISSION UNIT ON REVIEW WITH DIRECTION ON SURREND
220,BUT ITS DIFFICULT TO SEE WHERE THE COMPANY GOES FROM HERE
221,EARLY LAST WEEK COMMA MR. CHUN DAID OFFER CONCESSIONS PERIOD
222,ECONOMIC AGAIN A COMMA MORE THAN REFORM COMMA HAS PRODUCT POLLINS TO LET THE REPAIR MAN LOSE PERIOD
223,SINCE EACH GENE IS THE BLUE PRINT FOR A PROTEIN COMMA THE DEFACT IS KNOWN TO INVOLVE A PROTEIN THAT EFFECTS MUSSLES PERIOD
224,THE RATING CONCERN ALSO PLACED THE SINGLE HYPHEN A. HYPHEN TWO SENIOR DEBT RATING OF C. S. EXXON'S TEXAS GAS TRANSMISSION UNIT ON REVIEW COMMA WITH THE RECONON CERTAIN PERIOD
225,BUT SUCH ANSITED ANSWER MILED TREMERS COMPARED WERE COMING IRTHQUATE FOR THE TWO PROFESSIONS COMMA SOME ACCOUNTANTS AND CONSULTANTS PREDICT PERIOD
226,MOST OBSERVERS NOW SAY MR. NOVALIE PAID TWO MUCH FOR THE COMPANY COMMA WHICH HAD NO OIL RESERVES OF ITS OWN PERIOD
227,THE THRISTS MUST MAINTAIN ALLEVAL OF NETWORTH THAT IS WITH THE REPERSENT OF THEIR LIABILITIES
228,SOME ITS HAVE THEIR PARLIACLE BENEFITS OF COURSE NOT LEAST THAT THE PRESIDENT DOMINATES THE NEWS
229,A STRONGER RESCANT TELL WHETHER THE UNIVERSITY OF SPAN FOR EVER POWERED BY A BIG BAG OF OLD OR WHERE IT WILL SOME DAY COLLAPSED IT BUDGE CRUNCH
230,AMONG THE MAJOR ASSETS COMMA TENNECO'S ANNUNUU YEARS ERROVES COULD DE WORSE ABOUT FIVE BILLION DOLLARS COMMA MR. GAINS THINKS
231,DOUBLE-QUOTE WOMEN LOOK AT WHAT'S AVAILABLE IN HISTORIES AND SAY COLON SINGLE-QUOTE HAY COMMA THIS STORE LIKE EXACTLY LIKE MY CLOSE AT PERIOD
232,BUT LOT A LITTLE FURTHER THERE ARE WAYS AROUND HIGHERING REASES
233,ANOTHER SPOKESMAN FOR THE MINISTRY HAS REPLIED TO THE FOREIGN CORE SPONS ASSOCIATION OF SOUTHEST ASIA
234,INSTEAD THEY FAVOR UNANNOUNCED CHECKS BY ROVING RATHER THAT IN HOUSE AND SPECTORS FOCUSING ON CRITICAL CONTROL POINTS IN CEIEF WOULD PROCESS IN SCHEFE
235,I. U. B. S. SUBSIDIARY IN NEW YORK WAS THE FIRST TORN INSTITUTION TO MAN INTEREST UTION
236,THEY CAN ALSO INVOLVE INTERNATIONAL COOPERATION THE GOLL OFFEN IS THE GOLD OFFEN IS TO GOOD FOREIGN STATES WITH NUCLEAR WEAPONS AGAINST THE SOLVE
237,THE STATE GOVERNMENT'S INSURANCE ARE IN THE STATE HYPHEN OWNED BANK ALSO HAVE INVESTMENTS AND ROTHWELLS EXCEEDING ONE HUNDRED MILLION OSTALING DOLLARS PERIOD
238,THE BUNDESBOASTS MONOPLY HAS BECOME A LIGHTING ROD FOR CRITICISM BY THE U. S. AND OTHER TRADING PARTNERS OF GERMANY'S CLOSED DOORS PERIOD
239,AT HOME THE PERMANENT SECRETARY OF THE MINISTRY OF COMMUNICATIONS AND INFORMATION HAS RENEWED TO MEET TO SESS COUNSE
240,FIRMAN SULT'S MAJOR DEETS AND BURNING REPORTEDLY DOING THE CROWD OF WALL STREET HOUSES CUTTING THEIR NINETEEN EIGHTY SEVEN I. B. M. EARNINGS ESTIMATE
241,IT WASN'T A GIVE AWAY
242,THE NEXT SPRING COMMA CHARTER COMPANY COMMA ANOTHER BIG INDEPENDENT COMMA AND OR CHAPTER ELEVEN PERIOD
243,IT DONATED TWENTY FIVE THOUSAND DOLLARS TO GET IT OFF THE GROUND PERIOD
244,MR. ZEES A FORMER ANLISH TEACH JURE IS A DEPT IT THE LIRENIST START TALK IS DIPLOMATIC SMILES THAT SOFT AND THE HARSHNESS OF HIS WORDS
245,THE COMPANY DECLINED TO SPECIFIE THE PRICE PAID PERIOD
246,A SPOKESMAN FOR THE NUCLEAR REAL EARLIER REAL ETRORIE AND ISSIDE TO RE O                             SAID S ARE SO AS
247,EVEN ABLE INSTANT A FLOOR THAN NEW YORK STOCK EXCHANGE WAS TEMPERED BY FEELING BETHOOD
248,PROJECT BY NEWS REPORTS OF A LEGE MISSPROPRIATION OF FUNDS THE S. E. C. VISITOR THE FIRM'S NEW YORK HEADQUARTERS LAST WEEK WITH THE INTENTION OF EXAMINING BUSINESS RESEARCH
249,THIS IS ESPECIALLY TRUE IN THE WORK OF BRITISH NOVERSIS COMMA AND EVEN COMMA PREVIOUSLY COMMA IN THE WORK OF WILLIAM BOY PERIOD
250,WE READER READER AND STRESS IN HAVING THE TRUES E HEARIGE PERIOD
251,MR. HOLMES ACCORD TO SAID HE PLANS TO REVIEW THE STRUCTURE OF BALLOT GROUP
252,NOW COMMA THE SOURCES SAY COMMA MR. LINERIS CONSIDERING MAKING HIS OWN BID OR JOINTING WITH ANOTHER SHAREHOLDER OR GROUP OF SHAREHOLDERS ON A BID PERIOD
253,A LITTLE GOOD NEWS CONSOFT OF THE MARKET'S RESISTANCE
254,THIS ISN'T THE TIME TO TAKE THE CHANCE IN ASKED THE MAT SAYS MR. ABLEB MON WHO ADDS THAT IS HOME VONE IS BUDED
255,BUT TO THE SURPRISE OF MOST EVERYONE STOCK PRICES BEGAN A SPENDING LINE THAT PUSHED THE AVERAGE ABOVE WEDNESDAY'S CLOSE
256,BUT COMMA HE ARGUES COMMA DOUBLE-QUOTE THE DEEP PER THE COOPERATION BETWEEN US COMMA THE MORE CONTROL ABOLIST OVIETS ARE PERIOD DOUBLE-QUOTE
257,THE ROTHWELL SAG AT INTENSIFIED CRITICISM OVER THE WESTERN OSTALIAN GOVERNMENT'S RELATIONSHIP WITH ON TO PRENERS SUCH AS MR. BOND AND MR. HOLMES ACCORD COMMA THOUGH THE GOVERNMENT ASSISTED FINANCIALLY PERIOD
258,MR. EISEN MAN THE OPPOSITION BUSINESSMAN SAYS ARE NEW FOLLOWIS AND THE SOLUTION BUT THERE IS AN ANY SOLUTION WITHOUT ARE NEW FOR SOON
259,THAT IS WELL ABOVE THE NATIONAL AVERAGE FOR HAS SPITTLES A SUCH PROGRAMS COMMA BUT HARDLY A MARKET AND ONCE TO SEE FRIDAM DEAD PERIOD
260,BUT THE CHINESE HYPHEN BACKED CMARRURUNS IS TO STRONGEST FORCE AND THE THREE HYPHEN PARTY RESISTANCE COLLEASING COMMA AND BACKERS SAY IT MOST HEVER ROLE PERIOD
261,MICREMENT AN ALL ARE A DIFFERENT SAGNMENTS OF THE OIL HYPHEN SERVICES BUSINESS PERIOD
262,THIS MARKET IS WAITING FOR ONLY ONE THINKS THAT OPERATE ROFF A SENIOR VICE PRESIDENT AT TOMSON MCKINNON SECURITIES INCORPORATED
263,HE HAD BEEN SEEN REVISED PRESIDENT AWASHINGTON OPERATIONS FOR THE DEFENSE CONTRACT
264,SAID A FINANCE CHAIRMAN BENTSEN AND SPEAKER RIGHT COMMA BOTH TEXANS COMMA PUSHER REPEAL PERIOD
265,PAINEWEBBER'S MISMAGLAID SAID A SPECIAL PROMOTION BOOSTED YEAR EARLIER SALES SIGNIFICANTLY MAKE IN A HARD TO ACHIEVE GAINS IN THE LATEST PERIOD
266,UNUSUALLY SEES YOU DESTRATED SAID THAT THE LINE OF CREDIT WOULD BE GUARANTEED BY THE ROVIEN SOVER PERIOD
267,IT HAS SOME OF PEOLE BECAUSE IT WOULD RAISE THIRTY SEVEN POINT NINE BILLION DOLLARS OVER THREE YEARS
268,THE FEDERAL EXPRESS SERVICE COMMA WHICH ALLOW BUSINESSES AND A DIVIDUALS TO SEND FACTS FROM THE COMPANY'S STORES COMMA CAN TWO EARLY A MUST TO EXPENSIVE COMMA ANALYSTS SAY PERIOD
269,DOUBLE-QUOTE THERE IS A MUCH PROGRESS AND SEVENTEEN DAYS PERIOD
270,THEY FELL COMMA OFTEN LETTERLY COMMA THE CRACKS OF HIS SYSTEM PERIOD
271,IT MAY BE THAT ARE STRUCTURE AND MULTIPLE CITY OF CORPORATIONS ISN'T THE MOST EFFECTIVE FOR THE FEE EE
272,THERE ARE SOME VICE HERE THAT OUR SAYING IS THE FINAL JUMPED BEFORE THE CRASH
273,HIGHER INTEREST RATES COMMA OF COURSE COMMA COULD BE OFFSET BUT HIGHER INFLATION PERIOD
274,OLD PEOPLE SHOULD NOT HAVE TO LIVE WITH THE CONSTANT HERE THE BIG IT AND PERIOD WITH THE LAST OLUTINS COMMA LEAVING IT DESTITUTES SPOTS PERIOD
275,LAFT NOSED HAD ALSO BEEN GOOD TO LORENCE LEADENED SMALLENT STEAD
276,THEY CAN BE HALRIERS LEAFUNTING COMMA AS WELL AS HIGHLY EFFECTIVE TWO S FOR SATITE PERIOD
277,DOUBLE-QUOTE WHAT AIRTITES MAY COMMA DOUBLE-QUOTE SAYS MR. REED COMMA DOUBLE-QUOTE IS THAT WE DIDN'T THE POST THE BERLING TEN NORTHERN MERGERS PERIOD
278,AND SOME CHAINS COMMA SUCH AS HOLDIC CORPORATION COMMA SHARED INCORPORATION AND HIGH HOTELS CORPORATION COMMA INSIST THEY WILL MIGHT PLANTY OF RUNSADAALABLE AT BARGAIN RATES PERIOD
279,AFTER THE SERITY HYPHEN DAY PERIOD COMMA THE SHARES WOULD BE CONVERTIBLE AT A LOWER RACIAR
280,THIS IS ESPECIALLY TRUE IN THE WORK OF BRITISH NOOLISTS AND EVEN PREVIOUSLY IN THE WORK OF WILLIAM BODY
281,THEY'VE BENE ISSED IN THE U. S. CENTS THE EARLY NINETEEN SEVENTIES PERIOD
282,THE DROP WAS TO SHORT OF THE DAILY PERMIT AT LIVE AT THIRTY CENTS A BUSHEL PERIOD
283,THE GOLD CARD FEE WAS LAST INCREASED IN SEPTEMBER NINETEEN EIGHTY FOUR TO SIXTY FIVE DOLLARS FROM FIFTY DOLLARS
284,MOSCOWARE DISTRIP HE HAS BAFFELL SIGNS IS EVER SIEGE G. A. B. DUKAIN FIRST RECOGNIZED THE DISORDER AND ONE THOUSAND EIGHT HUNDRED
285,NO FIRM PLAN HAS BEEN DIVISED BUT IT IS UNDER CONSIDERATION TO REVIEW THE HOLD STRETCHER HE SAID
286,N. A. S. A. SCHEDULED THE LAUNCH OF THE SPACE SHOTAL DISCOVERY FOR SEPTEMBER TWENTY NINE PERIOD
287,AS THE POPULAS DEAD HE APPEAL TO LESS EDUCATED LOWER MIDDLE CLASS PEOPLE WHO FIND ECONOMIC AND SOCIAL CHANGE FRIGHTENED
288,MR. BERRY HAVE BEEN PRESIDENT OF HARMAN SYSTEMS A UNIT OF FIGUE INTERNATIONAL INCORPORATE
289,CEBA AGREED TO RAINATE THE OVERSIGHT
290,THE ACCHIEVEMENT OF PRODUCTION GOLDS MADE UP FORTY PERCENT TO FIFTY PERCENT OF THE BONUS SEMI-COLON SAFETY ELESS THAN TEN PERCENT PERIOD
291,THIS ALLOWED IT TO PLACE MORE OF ITS CARD DRAY IN THE PANAMANIAN BUREAUCRAT
292,FOR TWENTY MINUTES COMMA THE TWO GROUPS FACED OFF FROM OPPOSITE SIDE TO THE STREET COMMA AS A HANDFUL OF TELEVISION CREASE IN FOREIGN GENERALISTS RECORDED THE SEEN PERIOD
293,MANY OTHERS COMMA AVIDING TAXES COMMA DO IT ON THE SLIE PERIOD
294,IN A LOCAL PLANT COMMA THE MANUFACTURING MANAGER NEEDED ANOTHER FORMAN DASH A SALARY POSITION DASH BUT THERE WAS A FREEZE ON HIGHING SALARY PERSONNEL PERIOD
295,THE SHARE PRICE BROADH AND CREASON IMPORT PRICE FOR THE PAST YEAR TO SEVEN POINT THREE PERCENT PERIOD
296,OFFICIALS INTO GOES A GAUGHT THAT SAID THE PLANE IN NORDER CRESS TO LAND AFTER ENTERING HUNDRED AN ARIER AND AREAN HUNDRED AN ARIER AND AREAS
297,BRITISH APPLIANCE MAKERS HAVE LOST GROUND TO CONTNENTTLE EUROPEANS WHO OR ESTABLISHED RECOTITION FOR DESIGNED AND QUALITY STANDARDS
298,THE BUNDESBOASTS MUN OPELLY HAS BECOME A LIGHT NAME ROD FOR CRITICISM    THE U. S. AND OTHER TRADING PARTNERS OF GERMANY'S CLOSED DOORS PERIOD
299,BUT THE BOLS WON'T GIVE UP PERIOD
300,SEPARATELY COMMA LODIES INVESTORS SERVICE INCORPORATED SAID IT PLACED C. S. ACTS AND ITS TRANSPORTATION SUBSIDIARIES ON REVIEW FOR POSSIBLE DOWN RATE BECAUSE OF C. S. X.'S RESTRUCTURING PLAYER PERIOD
301,BUT HAVING TOP TO A VERIETY OF REPUBLICANS ABOUT THIS IN REACH AND WEEKS IN CONVENTS THAT MORE ARE WORRIED ABOUT THIS PERIOD OCCE OF T TET T NON BUBLIC CLEAR
302,AN AIRCLE A SPOKESMAN SAID THE COMPANY FOR THE VENTURE TO CREATE A FINANCING VIECAL FOR FUTURE HOTEL PROJECTS
303,HE A SEEKING BOARD REPRESENTATION COMMA A MAY PUSH FOR A JOINT TAKEOVER OF ANOTHER U. K. COMPANY PERIOD
304,NEW FEDERAL RULES REQUIRE THROUGHS TO GRADUALLY RAISED THAT LEVEL DEPENDING ON A PROFITABILITY OF THE INDUSTRY
305,IT DIDN'T IDENTIFY THE BUYERS WERE DISCLOSED TERMS OF THE SALES
306,THEY ARE INDICATIONS THAT SALES ARE SLOWING DOWN BUT CONSUMER CREDIT SERVICE UPWARD IN DIDNER
307,PETER AFFAIRIES SUCCEEDS MR. CANIER IN WASHINGTON AS A VICE PRESIDENT
308,AND SHORTLY AFTER THE ACQUISITION COMMA OIL PRICE THE START ITS SLIDE PERIOD
309,MR. HOLMES A COURT SAID HE PLANS TO REVIEW THE STRUCTURE OF BELL GROUP OF BELL GROUP PERIOD
310,CAR STOCKS WERE CLOSER TO NORMAL AS A JANUARY THIRTY FIRST COMMA WITH WORDS AUTOMOTIVE REPORTS COMMA AND INDUSTRIES TO TISTLE PUBLICATION COMMA REPORTING A SEVENTY EIGHT HYPHEN DAY SUPPLIER PERIOD
311,NOW SEE BY AS TRYING TO MAKE A MENS
312,ANGER AT THE COUDE OFFICIALS CONVENED THEIR HIGH COURT TO JUDGE MR. AMMARITH LAST SEMER PERIOD
313,BUT DOUBLE-QUOTE I STILL LIKE FANIEMY PERIOD
314,EASY THE ONLY GUY UYOUCATE SHEEL UP IN THE PLAS A AND DROCK CROUT OF SEVENTY FIVE THOUSAND PEOPLE SAYS ONE LEND PIPLE MAT
315,BUT IF THE HISTORY OF OTHER AFRICAN NATIONS TO ANY GUY WHITES INDIANS AND SMALL BLACK TRIES SHOULD FEAR THAT THE STREAS
316,PROBABLY THE LARGEST CONTRIBUTOR TO THE EARNINGS UPTURN FOR MAJOR PRODUCERS IS A NEW PAYSTRACTURE HAMMERED OUT AND THE HAVILY UNIONIZED A PACIFIC NORTHWEST
317,STILL COMMA THE BOOK IS NOT INTENDED AS A COFFEE HYPHEN TABLE DESPLAY PEACE PERIOD
318,HE SAYS IT CAN GET COURTEE TO SAY THAT USE IT IS AGUINNESS OR AN WAGE BUT A REALLY EST
319,AT THE SAME TIME COMMA AGGRESSIVE EXPANSION A BROAD HAS MADE THE MOST SWISS OF SWISS SAINTS A GLOBAL CLAYER PERIOD
320,THE TEAM IN T AMENMENT PASSES COMMA IT WILL BE INCORPORATED INTO THE HIGHWAY LEGISLATION PERIOD
321,MR. POLL ALSO OWNS THE SASHING COMPANY
322,YESTERDAY'S ANNOUNCEMENT BY REPRESENTATIVE HOWARD MEANS TO HOUSE WILL LOAT ON THE STUMAS AMENDMENT SEPARATELY FROM THE OVERALL CONFERENCE REPORT PERIOD
323,STRONGER PAUL MOIL PRICE IS HELPED WHILE PRICE IS FIRM ANALYSTS SAID
324,BEHIND THE SEEMS ARE BITTER COMMA BUSINETINE BATTLES MORE OF AUCTIVE OF A JOB LITTLE ENVIRONMENTAL SUCH STATE PROFESSIONS PERIOD
325,MITSULLELE HELD AN ECONOMISTS IN NISSANT BARNEY HARRIS UPHAM AND COMPANY TINGS MR. GREENSPAN WANTS TO ESTABLISH HIS CRITINCIALS AS AN INFLATION FITER
326,HIS CORDUCTIONAL SUGGESTED THAT THE SOVIETS MIGHT HARBOR MORE INTEREST IN THE PLUMPY  THAN REAL ESTATE
327,A HOUSE OF FARES ARE SPOKESMAN DIDN'T RETURN FOLL CAUSE YESTERDAY PERIOD
328,O. J. R. SPECIAL COMMITTEE IS HAPPY TO SEE IN ALTERNATIVE EMERGING TO THE POSSIBLE JOINT BID BETWEEN K. K. R. AT THE BANAGEMENT HYPHEN WHEAD GROUP PERIOD
329,THE COMPANY SAID ALFRED INDAVID BILLS PLANNED A CONVERT THEIR COMMON SHARES DURING THE THIRTY HYPHEN DAY PERIOD
330,THE BIG SHOE IS GOING TO DROP ONE WE SEE THE TRADE NUMBER
331,MOST IMPORTANTLY COMMA THE BOOK COMMA LIKE THE EXECUTIVE COMMA PRESENCE AN INGAAGING SURVEY OF INTERLACED FORMS TO THE CENTRY'S DASH ONE WE CAN LEARN FROM AN AND JOY PERIOD
332,HORNE FUTURES RECEIVED SOME STRENGTH ON EXPECTATION AT THE AGRICULTURE DEPARTMENT WOULD RAISE SOVIET IMPORT FORECASTS ANALYSTS
333,DOESN'T OF SUCCESSFUL BUSINESSMEN HAS SOUTHERHART BREAK AND WASHINGTON COMMA AND MANY IS THEM HAS MADE MISTAKE SIMILAR TO DON REGIONS PERIOD
334,MANY WANT TO STORM THE TANK AND TAKE IT OWED TO STORM THE TANK AND TAKE IT OWED
335,BUT BOTH COMPANY SHOULD BENEFIT FROM AN UPTURN IN THE OIL AND NATURAL GAS DISMISS PERIOD
336,THE CLUB NOW FEELS A NUMBER OF TEAMS FOR VARIOUS AGE LEVELS PERIOD
337,VITARY LOANS AND LOWER TAXES ARE DRAWING FIFTEEN THOUSAND WORKERS A YEAR INTO LEGALIZE PRIVATE SERVICES PERIOD
338,AFTER THE THIRTY HYPHEN DAY PERIOD COMMA THE SHARES WOULD BE CONVERTIBLE AT A LOWER RACIAL PERIOD
339,THE NEW CHAIRMAN NOSE THAT IS POLITICAL CONNECTIONS MAKES SOME MARKET PARTICIPANTS SUSPICIOUS THAT HE WILL TRY TO STIMULATE THE ECONOMY TO HELP G. O. B. CANDIDATES NEXT YEAR
340,SO DO PRESIDENTIAL CANDIDATES RANGING FROM CAMP TO DECAUCUS COMMA WHO SEEKS A POLITICAL OPENING TO THE STOUT THAT
341,PARRY DISCOVERED  JAPAN FOR AMERICANS ACTUALLY IS POLICY ARE UNHEQUETS
342,STERLING SOFTWARE WHERE SAID IT AGREED TO SELL ITS COMMERCIAL PROFESSIONAL SERVES AS GROUP FELL WON AI THE SEVEN IN WAREES
343,THE GETTING THIS YEAR COMMA SALES TAXES CAN'T BE DEDUCTIBE PERIOD
344,WE WERE GENTLEMENA ABOUT IT PERIOD
345,DOUBLE-QUOTE IF WE KEEP THIS UP COMMA WILL DIAW WHAT ARE FLAG PERIOD DOUBLE-QUOTE
346,THE WORK IN PAPERS OFFICEE FOR TAXA EMPLOYEE BENEFITS INCLUDED INDETENTIAN THE EXCLUSIVE OF INEMPTORY PROVIDED HEALTH INSURANCE AND CAFITER A PLAN BENEFITS
347,THE CONSULTANTS NOTICED AN THE MISSION IN THE PLANS THAT NEEDED THE COMPANY NOR FEDERAL REGULATORS
348,HE ADDED COLON DOUBLE-QUOTE THEY AFFORD THE COMBINAND IS GO IN A BE REVIEWED
349,IT MAY BE THAT OUR STRUCTURE AND MULTIPLICITY OF CORPORATION IS AN THE MOST EFFECTIVE FOR THE FUTURE
350,NEARLY ED FIVE THERE ARE A DOZEN OR SO ASSET ALLOCATION FUNDS
351,DOUBLE-QUOTE IF THE SOVIETS DECIDE TO CHANGE THE NATURE OF THE MISSION COMMA THEY NOW HAVE THE RIGHT KIND HERE COMMA DOUBLE-QUOTE SAYS THE ISRAELI OF FIRST WHILE PERIOD
352,HE ARGUES THAT FRIDAY'S UNEMPLOYMENT FIGURES UNDERMINED THE THESES OF A SHARPLY SLOWING ECONOMY
353,NOW COMMA WE MUST HAVE BEEN NEW SOMETHING DASH OR DASH OTHER TO ENSURE THAT THE ELDERLY NOT BE WITH OUT FINANCIALLY AND DEMOCIALLY BY ILLINOIS PERIOD
354,IT'S ABOUT WHICE SEVENTEEN DAYS IN A BABY SLIFES COMMA DOUBLE-QUOTE SAYS MR. DICTI COMMA A VETER AN INGUAGE TEACHER HERE AND JAPAN PERIOD
355,OPPOSITION FROM COMPETITORS ALSO CONTRIBUTED TO THE INITIAL REJECTION OF THE MERGER COMMA AND THAT HAS ANNOUR SANTA FE EXECUTIVES PERIOD
356,BECAUSE THE CONSERVATIVE PARTY CONTROLS THE PARTLENT THAN THE WINNER OF THE TOP PARTY POST ALSO BECOMES PRIME MINISTER
357,BUT THERE'S A EDGLE SIDE TO WATS GOING OUT IN LOCAL GOVERNMENT THAT DISERS CLOSE TO ATTENTION
358,UNFORTUNATELY RECEINE MOTHING ABOUT STONS
359,BUT IN APRIL NINETEEN EIGHTY SIX COMMA NATIONAL STEEL CORPORATION DID JUST THAT PERIOD
360,BUT COMMA HE ARGUES COMMA DOUBLE-QUOTE THE DEEP OR THE COOPERATION BETWEEN THUS COMMA THE MORE CONTROL ABOLT THE SOVIETS ARE PERIOD DOUBLE-QUOTE
361,PEOPLE DON'T REALIZE THE ENORMOUS DUMBERS INVOLVED A NATIONAL DEBANT FOR FISH BIG PERIOD
362,EVEN THE STATE HIGHERS PRIVATE REPAIRMENT PERIOD
363,IN ORDER TO STAY COMPETITIVE WITH A PRELIFERITY NEVER SMALL NONUNION OPERATIONS OF THE REGION MOST COMPANIES HAVE SUCCESSFULLY SQUEEZED SUBSTANTIAL WAGE CONCESSIONS FROM LEBER UNION
364,NO FIRM PLAN HAD BEEN DEVISED UT IT IS UNDER CONSIDERATION TO REVIEW THE HOLD STRUCTURE HE SAID
365,TELM EXCLAINTION POINT DOUBLE-QUOTE
366,ASSETS MINOS LIABILITIES EXPRESSED AS A PERCENTAGE OF TOTAL LIADABILITIES
367,BUSINESSES WERE ALSO WARY OF FACTS PROJECTS AFTER A HIGHLY TOUGHED A FEDERAL EXPRESSED VENTURE TROOD OF FACT SERVICE FOUNDER AND WAS GETTINED IN NINETEEN EIGHTY SEVEN PERIOD
368,MANY OTHERS COMMA EVADING TAXES COMMA DO IT ON THE SLIE PERIOD
369,THEY CLAIM THIS EXCEEDED IN THE SUBJECTIVE COMMA BUT JUDGE SO FARE SAYS THE RECORD SHOWS A SOVIETS NEVER AGREED DOIT SEMI-COLON IF THE DIDN'T COMMA WHISH IT WAY SQUAE TRADER MERCK
370,MEANTIME COMMA MR. MCCARTHY IS REPLACING KEY UNION OFFICIALS COMMA INCLUDING ITS GENERAL COUSEL AND SOME NEGOTIATORS PERIOD
371,THEY THINK STALLY TODAY IS AN EVEN BETTER BREAKUP PLAYED AT A NINETEEN EIGHTY SIX WHEN DREXEL AND ITS CLIENTS ACCUMULATED THE STOCK PERIOD
372,IF THE SURGE INFUL PRICES AND CLOTED COMMA IMPORT PRICES ROSE SIX POINT FIVE PERCENT IN THE FIRST QUARTER
373,AT FORTY YEARS OLD MR. WAYING IS RELATIVELY YOUNG FOR HIS JOB AND THAT UPSETS COLLIGNI SWOR AS USED TO A GRADUAL PROMOTION SYSTE BASED ON SON
374,ABOUT ONE POINT FIVE BILLION DOLLARS OF DEBT IS UNDER REVIEW
375,INSTEAD COMMA THEY FAVORE UNANNOUNCED CHECKS BY ROVING COMMA RATHER THAN IN HYPHEN HOUSE COMMA INSPECTORS FOCUSING ON DOUBLE-QUOTE CRITICAL CONTROL POINTS DOUBLE-QUOTE IN SEE FOOD PROCESSING PERIOD
376,MUSICIAIS ARE ME SSISSENTS
377,WHITE PLAYERS DRIFTED BACK COMMA ANTENTIONS EASED PERIOD
378,THE ACT WAS AS IN ATTRULE FOR HIGHER HAS EEIGING PORK COMMA HE TOLD DEFREND PERIOD
379,FIRMAN SELTS MODERATE DEETS AND BURNEY REPORTEDLY JOINED THE CROWD OF WALL STREET HOUSES CUTTING THEIR NINETEEN EIGHTY SEVEN I. B. M. EARNINGS ESTIMATE
380,WHEAT FUTURES WERE SUPPORTED BY CONCERN THAT WHEAT MAY BE VOLUMERABLE IF COLDS MAPS FOLLOW THIS PAST WEEKENDS WEREN'T ANALYSTS SAID
381,THE DEADLINE FOR DOING SO IS FEBRUARY TWENTY FIRST TWO MONTHS BEFORE GEOLETS APPLE TWENTY FIRST ANNUAL MEETING
382,MR. BENNITS CALL FROM MANAGER ATTORNEYS AND BENEN DOORS BY THE WHITE HOUSE PERIOD
383,THERE ARE ALWAYS SOME PESSIMISTS AND SINICH THAT A FLOOR SPECIALIST
384,BY SEPTEMBER THIRTY IF COMMA HE HAD RAISED ONE POINT THREE MILLION DOLLARS DASH SPURNING FEDERAL MATCHING FUNDS DASH AND EXPECTS A RACE TWO MILLION DOLLARS BY TUESDAY PERIOD
385,FOR MONTHS HE HAD SUFFERED NIGHT'S WHITZ FEWERS AND WAIT LOSS
386,MARKET ACTION WAS ENCENTUALLY DIGESTING WEDNESDAY'S RALLIED
387,IF IT IS ANOTHER THING IT'S ANOTHER
388,THE CONSULTANT'S NOTISTAN AMISSION IN THE PLANS SAID NEITHER THE COMPANY NOR FEDERAL REGULATORS HAD SPODED
389,THE AUDIO AND AUTOMOBILE INDUSTRIES AREN'T THE OLY ONES THAT HAVE LET EARLY ADVANTAGES AND TECHNOLOGY OR DESIGNS LIBE AWAY PERIOD
390,FOR ONE THING CONSUMERS MAY NOT BE QUITE RATED A QUICK SPENDING
391,AN AMBITIOUS NINETEEN HYPHEN NATION EFFORT ITS TO HALT TWENTY YEARS OF WAR IMTEMBLOY AND DID WITHOUT AN AGREEMENT PERIOD
392,TODAY HE SAYS THE ATTITUDE IS IDEAUTIES I COULD MY JOB AND NEW GOT YEAR
393,IN THE A. B. M. TREATY COMMA THE U. S. NEGOTIATORS WHEN IT TO OUTLAW MISSILE DEFENSE AND LACK BOTH SIDES INTO THE POSTER OF NEW TRULE ASSORTED DESTRUCTION PERIOD
394,EDWARDS TENS TO SELL LACK THE STOCKS OF REALT WITH MORE COMPANIES OFF FOR NOT WIDELY FOLLOWED ON WALL STREET THAT METRODITIONAL VALUE CRITERIA
395,NUMEROUS COMMERCE WERE A POINTED MOST OF FOOD AND GRADUATED FROM UNIVERSITY'S INCOMING AT BLOCK MACHINES
396,THE SPOKESMAN SAID HE HADN'T PERSONALLY ANTIRPRET THE MOVE AS AGGRESSIVE COMMA NOTING THAT THE TO GROUPS HAVE HAD ALONG PERIOD OF FRIENDLY RELATIONS PERIOD
397,EVEN THE STATE HIGHERS PRIVATE REPAIRMENT PERIOD
398,AS SIGNS OF A STRONGER ECONOMY EMERGE COMMA HE ADDS COMMA LONG HYPHEN TERM RATES ARE LIKELY TO DRIFT HIGHER PERIOD
399,DOUBLE-QUOTE THE SUSURES ARE FORCED RACE COMMA DOUBLE-QUOTE SAID ONE PERSON FIMILIAR WITH A COMMITTEE STANKING PERIOD
400,THE PLAN WAS DISCOVERED AFTER DECODDING DATA CAPTURED AT LAST WEEK'S ARREST OF TWENTY REBEL LEADERS
401,BUT NOW THE MEDICAL PACK OPPOSES BOTH MEASURES PERIOD
402,TRADE DEFICITS WEAK IN THE DOLLAR AS THEY DID LAST WEEK AND IN A SHORT RAN A WEEK AROUND A WEAKER DOLLAR MEANS MORE HELP FOR EXPORTS
403,IT ALONG ARUN THE WEEK DOLLAR MAYING MORE INFLATION AND TIGHT MONEY ENEVENTUALLY A RECESSION
404,NOT EVERYONE BUYS THE DESK OF THE DOLLAR THESE AND THE DOLLAR THESE ASSETS
405,SOME SOURCES SAID SOME OF THE LESS HYPHEN TRADITIONAL HOLDERS OF GENERAL DEA SEEKS SHARES COULD BE ACTIVE BY THE PROSPECT OF CAPITAL GAINS PERIOD
406,BUT ATTEMPTS TYSE LATE A MISSING ARE DEFECTIVE PROTEIN IN THE MESSAL TOSHIO MESSAURE DISTRIFT PEATIONS HAVE LONG PROVED FREST ATTRANG PERIOD
407,BAD THINGS COMMA BUT NO WORSE THAN MANY OTHER BATH THINGS AND LIFE COLON CAR RECS COMMA THE DEATH OF LOVE ONES PERIOD
408,IN MOST CASES THAT STILL WOULD BE LESS THAN THEY WOULD BE LESS THAN THEY WOULD PAY FOR A RANGING COVERAGE ON THEIR OWN
409,IN WEST GERMANY COMMA U. B. S. ACQUIRED DUTY THE ENDER BANK IN NINETEEN EIGHTY FIVE PERIOD
410,A STONERS SAY THAT THE ERTHFATE IS SEELED
411,THE CITY CAN PROBABLY HANDLED TWO PROGRAMS COMMA SAYS SHARP MARILLA ADMINISTRATAR CHARLES COOM COMMA DOUBLE-QUOTE BUT THREE OR FOUR COULD BE PROBLEM ADDICT PERIOD DOUBLE-QUOTE
412,LAST HYPHEN MEN IT MEDIATION A TEMPS FOUNDER OVER THE ISSUES OF POWER HYPHEN SHARING AND PEACE HYPHEN MONITS REIN PERIOD
413,STRONG IMPORTS HOWEVER MEAN THAT DOMESTIC DEMAND RIGHT NOW AS STRONG ONE SURE WAY TO CURB A TRADE DEFICIT IS TO HAVE A FOLLOW LOAN RECESSION
414,NIYLE MANAGEMENT ISN'T ALL BAD FOR CONSUMERS
415,CRISTON SCHWARTZ HYPHEN SHILLING COMMA THE POSTAL MINISTER COMMA BRISSLES AT SUGGESTIONS THAT SUCH CRITICISM LED TO THE DECISION TO DISMANTLE THEM OPPLY PERIOD
416,HIS M. D. A. ALSO WERE COME TEMPTURIS OF FOREIGN CONSEPTS ESPECIALLY THOSE THAT MAKE AND MORE COMPANIES
417,THE TURNING POINT CAME IN NINETEEN SEVENTY EIGHT COMMA WHEN THE FLAMES WON A CASLIC USE ORGANIZATION CHAPBEN SHIP PERIOD
418,DOUBLE-QUOTE FOR THE RECORD DOUBLE-QUOTE IS MACOUNT OF A TOUGH COMMA SUCCESSFUL BUSINESS MAN'S TERRIBLE WASHINGTON EXPERIENCE
419,THE SHUTTLE WOULD BE THE FIRST A LIFT OFFSINCE THE NINETEEN EIGHTY SIX CHALLENGER EXPLOSION
420,THE PROBLEM CONTINUES TO BE MANNOT NENIENT FASHION COMMA SAID CURT BARNIED COMMA THE PUBLISHER OF THE RETAIL MARKETING REPORT COMMA THAN INDUSTRY NEWSLETTER PERIOD
421,SOME FOUR SO SAID SO OF THE LESS TRADITIONAL HOLDERS OF GENERALE DOUBLE GEACE SHARES COULD BE TEMPED BY THE PROSPECT OF CAPITAL GAINS
422,THE PEOPLE'S PARTY COURT REAM OF INTO KEEP POSITIONS AN AREAS OF PUBLIC ADMINISTRATION INCLUDING HEALTH EDUCATION LABOR FOREIGN RELATIONS AND AGRICUIT COUNTRIES
423,BUT THE FEDERAL RESERVE AND MR. GREENSPAN ARE LIKELY TO BE WORKING HARD TO KEEP INFLATION DOWN
424,THEY FILL COMMA OFTEN LITTERLY COMMA THE CRACKS IN THE SYSTEM PERIOD
425,THE MARKET'S TEND A MAGNIFIED THE NEWS
426,HE VALUES THE PIPELINE ASSETS AT THREE BILLION DOLLARS SEMI-COLON THE SHIPBUILDING OPERATIONS A TWO BILLION DOLLARS SEMI-COLON AND THE AUTOMOTIVE UNIT AT MORE THAN ONE BILLION DOLLARS PERIOD
427,IN SOME INSTANCES COMMA MANAGEMENT IS LEARNED OF THESE MADEING SURE WELL HYPHEN PLACED MOLLS PERIOD
428,BASED ON ALL THE RENOW COMMA AND THE ADVICE OF OUR COSSEL COMMA RENO OF NO REASON TO BELIEVE THAT BOB FREE AMNEND GAGED IN ANY ILLEGAL AT IT PERIOD DOUBLE-QUOTE
429,PRIVATE SOVEREX PORTERS ALSO HAVE BEEN OFFERED IN CENTERS TO SELL THEIR SOVIET SOVIET SOVIET SOVIET SOVIET SOVIET SOVIET PERIOD
430,AS MS. CANDOLLAN MR. LOAN CIT SOUTH AFRICA'S CENTRAL GOVERNMENT IS LIKE A BIG BLUMBERING TANK
431,ONE IS THAT WE WILL HAVE THE SURPLUS BUT SHOULDN'T
432,WE'RE SEEING A RESPONSE IN THE RIDERECTION BUT ITS CLEARLY TEMPERED BY NATURAL CONSERVATIS AT RIGHT NOW
433,NOT THAT FACTS MACHINES ARE NEW PERIOD
434,WITH THIRTY MILLION TELEPHONES COMMA WEST GERMANY RANKS BEHIND ONLY THE U. S. AND JAPANESE FOLLOWN MARKETS PERIOD
435,IN NINETEEN EIGHTY COMMA THE FLAINS RESUMED HOME GAMES PERIOD
436,THE STATE GOVERNMENT ACKNOWLEDGED THAT TAXPAYERS COULD LOSE AS MUCH AS ONE HUNDRED MILLION AUSTRALIAN DOLLARS OF AROUTHWELLS PERIOD
437,THERE AVERAGE ESTIMATE SHOWS THE ECONOMY EXPANDING AT A THREE POINT ONE PERCENT ANNUAL RATE IN THE LEGAL HYPHEN TO HYPHEN SEPTEMBER PERIOD COMMA AUTHORITY THIN TO HYPHEN SEPTEMBER PERIOD COMMA AUTHORITED STESTING FOR INFLATION PERIOD
438,SO BEING FUTURES PRICES WERE MIXED WOULD BEANS AN OIL FINANCIAN HIGHER
439,THE RATIO SIGNAL TO FIVE OF THE MARKET'S SEVEN QUARTERLY DOWN TURNS IN THE NINETEEN SEVENTY TO EIGHTY SEVEN PERIOD PERIOD
440,BUT IF IT FAILS COMMA THE SENATE COMMA WHICH APPROVED THE AMENDMENT BY A TWO TO ONE MARGIN EARLIER THIS YEAR COMMA WILL DOUBT THE SPEED HYPHEN LIMIT PROVISION PERIOD
441,HIGHER INTEREST RATES OF COURSE COULD BE OFFSET BY HIGHER INFLATION
442,THE STATE CHANGER OF COMMERCE COMMA WHICH ONCE BACK TO SIXTY EIGHT COMMA SWITCH OVER TO SEVENTY THREE ABOUT TWO MONTHS AGO PERIOD
443,IT WAS LAST RAISED IN JUNE NINETEEN EIGHTY FIVE TO FORTY FIVE TO FORTY FIVE DOLLARS FROM THIRTY FIVE DOLLARS
444,THE COMBINED BUSINESSES ACCOUNTED FOR TWO HUNDRED THIRTY FIVE MILLION DOLLARS OF DRAY VOSE EIGHT HUNDRED NINETY THREE MILLION DOLLARS IN NINETEEN EIGHTY FIVE PER PERIOD
445,AN ALES SERVICES WELLS ONCE THEY ARE DREW DOWN WHEM THE THIRMAT BUILDS OFFSHORE DRELING RIGS
446,MATS MORE ALSE WHAT THE BLUE CHIP ECONOMISTS EXPECT
447,NOW THERE DID WIDE TO HAVE CONTRA SUPPORTERS DRAD THROUGH THE MORASS OF A LEGAL SYSTEM PERIOD
448,WHEN OTTERLING OUT THAT THE U. S. CURRENCY COULD DECLINE OF A TIME MR. LIPS GE HO SOLVIN SAAS HE THINKS THE JERIES DILLOUT
449,DOUBLE-QUOTE WE'RE NOT CONGREEMANET DOARATE TESTING AN ANY SHAPE OR FORM PERIOD DOUBLE-QUOTE
450,CHAMBODIA'S FEW NON HYPHEN BACKED GOVERNMENT REFUSES TO SHARE POWER WITH THE CAMERIA ROUGES COMMA THE CONTROO'S FOREHORE CLAR HYPHEN LEFTIS RULERS PERIOD
451,MR. MARTIN RECENTLY DEPARTED FROM THE FAD TO THE MR. SIMON DURING ARIDE TO WASHING NATIONAL AIRPORT THAT HE MIGHT START A PRIVATE MORGAGE INSURANCE CONCERN
452,AND THEY MAY BE AVELA THE GET AWAY WITH A LOT MORE OF THESE PUBLICITY AND NEW VERSE WITHOUT DIVING UP MUCH REAL GROWT
453,THE AVERAGE DIVIDEND YIELD OF ITS RECOMMENDED STOCKS IS THREE POINT SEVEN PERCENT THE SECOND HIGHEST IN A GROUP AFTER SNORTH BARNESE FOUR POINT ONE PERCENT
454,SUPERVISERS TOLD TIM HAD A HEATED SHAVE COMMA HE WOULD BE TRANSFERRED TO A POSITION COMMA AT A LOWER SALARY COMMA THE DIDN'T AND VOLVE PUBLIC CONTACT PERIOD
455,BUT THIS YEAR COMMA PARTY BATTLES ARE LESS CONTENTIONS AND DOCTOR PAUL COMMA WHO HAS ON THE BALLOT AND FORTY SIX STATES COMMA HOPES WHERE LEAST ONE MILLION VOTES PERIOD
456,AND BESIDES COMMA NAME WAS A LONGTIME AGO PERIOD
457,IN JANUARY THE AIRLIC SPEAKING MIDEAST EXPERT MR. MATHERIZOFT A RIVE TO TAKE CHARGE OF THE DELEGATION
458,BUT ATTEMPTS TO ISSUE A MESSING OR DEFECTIVE PROTEIN IN THE MUSSELL TUSSION OF MUSCORE DISTRIFTY PATIENTS HAVE WARMED PERIOD
459,THE AUDION AND ARTIMAL BILL INDUSTRIES AREN'T THE ONLY WANTS THAT HAVE LET EARLY EXANGE IN TECHNOLOGY OR DESIGNS SLIPPLE WAY
460,WHILE ACKNOLLIGING THAT POTENTIAL COMMA SOME WEST GERMAN TO A MAKERS CHAIVE UNDERWESTERN RESTRICTIONS PERIOD
461,THE COMPANY ALSO DONATED FIFTY THOUSAND DOLLARS TO A LOCAL ENVIRONMENTAL GROUP TO HIRE SPECIALISTS TO AVAILA IT THE COMPANY'S PLANS TO CLEAN UP THE CONTAMINATED SITES
462,I. B. M. FELL ONE AND SEVEN EIGHTHS TO ONE HUNDRED TWENTY AND THREE EIGHTHS ON MORE THAN TWO POINT FIVE MILLION SHARES
463,SOME ISRAEINTALES PEOPLE HE IS TO ONE TELLS PEOPLE HE IS FOR SINGLE SHELTERS
464,IT ALSO STATES THAT SEVENTY NINE PERCENT OF THESE PEOPLE SAY THEY FISH THIRTY HYPHEN PLAST TIMES PER YEAR
465,NOW SEE ABOUT IS TRYING TO MAKE A MEN
466,SOME MR. WRING TELLS PEOPLE HE IS FIFTY
467,THE NASDAQ COMPOSITE INDEX OF FOUR THOUSAND COMMA SIX HUNDRED THIRTY EIGHT STOCKS CLOSED AT THREE HUNDRED SEVENTY FOUR POINT SIX FIVE COMMA DOWNS ERO POINT ONE SIX PERIOD
468,IN RECENT WEEKS FOR EXAMPLE READERS HERE HAVE HURT OF THE BANNING OF ANTI IRISH SHOPS IN ONE LONDON BURLE
469,THE RESULT WAS POWED POSTPONED
470,FOR MANY JAPANESE COMPANIES IT WAS THE FIRST TIME THEY DEBERSENING AMERICAN INVESTOR SAYS MR. AIRNES
471,BIGGER LOANS AND LOWER TAXES ARE DRYING FIFTEEN THOUSAND WORKERS A YEAR INTO LEGAL LIES PRIVATE SERVICES PERIOD
472,IN RECENT YEARS HE IS INVESTED IN G. A. F. CORPORATION AND THE WESE ANALY AND EXPORTION COMPANY AMONG OTHERS WITHOUT BIDDING TO ACQUIREMENT
473,BUT BOST COMPANIES SHOULD BENEFIT FROM AN UPSERN IN THE OIL AND NATURAL GAS B ISN'T
474,HE ACKNOWLEDGES DISCUSSING THE POTENTIAL OF SPEADING UP LOSSES BY DENIES MAKING ANYTHREAT
475,HE AT OTHER U. S. INDUSTRY LEADERS IN SYSTES THOUGH THAT IMPORTS SHOULD BE SUBJECT TO THE SAME DEGREE
476,IN A LOCAL PLANT TO THE MANUFACTURING MANAGER NEEDED ANOTHER FORMAN A SALARY POSITION BUT THERE WAS A FREEZE ON HIGH RING SALARIED PERSONAL
477,POPULAS MEETINGS HAD A REVIVALIST FLAVER WITH BATTERS URGING PEOPLE TO VOTE AS THEY PRAID
478,SET JOBS ARE SEEN AS THE PLUM OF THE INDUSTRY BECAUSE OF MERC EXTENSIVE LINE OF PRODUCTS
479,FOR SUCH GROUP RATE COVERAGE EMPLOYERS CAN CHARGE THE FORMER WORDERS AND THEIR FAMILIES THE AVERAGE COST A PROVIDING THE HEALTH BENEFITS PUSSI TWO PERCENT ADMINISTRATIVE HEE
480,THEY BENE IN THE U. S. SINCE THE EARLY NINETEEN SEVENTIES PERIOD
481,THE NEW CHAIRMAN NO SAID HIS POLITICAL CONNECTIONS MAKE SOME MARKET PARTICIPANTS SUBSPICIOUS THE TEABLE TRIED AS DIMULATE THE ECONOMIC TO HELP J. O. P. CANADA'S NEXT YEAR PERIOD
482,WISH A PARTY DEVIDED COMMA THE LIBERTARIAN PRESIDENTIAL THOUGH PLUNGED TO TWO HUNDRED TWENTY EIGHT THOUSAND IN NINETEEN EIGHTY TOTAL PERIOD
483,C. BAB AGREED TO REMID A THE OVERSIGHT
484,CHRISTIAN SCHORES HYPHEN SHOWING COMMA THE POLLSTILE MINISTER COMMA BRESSLEES AT SUGGEST TO THIS SMAN SO THE SU STTS STS STOS STONE
485,THEIR JUST WAITING FOR THE EDGED WAITING FOR THE ED
486,AFTER THE CLOSE HAVE TRADING THE FORECASTS WHERE INCREASED
487,ALL SIXTEEN ANALYSTS IN THE SURVEY PREDICT EXTRAOND THEIR DECARTER THAN THE SLUGGISH SECOND QUARTER PERIOD
488,PAN OUN IS CLEARLY BANKING MOST CONSOSIONS THIS YEAR AN EXECUTIVE AT ANOTHER AIRLINE SAYS
489,AN AFTER TWO VISITS FROM IMMIGRATION OFFICIALS COMMA FINDS OF TWO HUNDRED FIFTY DOLLARS TO TWO THOUSAND DOLLARS PERIODLE IEMERGENT WILL BE LEVELIED PERIOD
490,A SPOKESMAN FOR THE NUCLEAR REGULATORY COMMISSIONS SAID THREE MMEDICAL ADERICA IMISSIONS SAID THREE MADEL SO OTHERS AS A RADIATION LEAST S OR DISCOVERED AT FOUR FACILITIES USING THOSE MODELS PERIOD
491,ECONOMIC AND AN ALL AREN'T DIFFERENT SIGNMENTS OF THE OIL HYPHEN THE SERVICES BUSINESS
492,THE COMPANY ALSO DONATED FIFTY THOUSAND DOLLARS TO A LOCAL ENVIRONMENTAL GROUP TO HIGHER SPECIALISTS TO EVALUATE THE COMPANY'S PLANS TO CLEAN UP CONTAMINATED SITES
493,U. S. EXPORTS ROSE IN THE MENT BUT NOT NEARLY AS MUCH AS IMPORTS
494,ADDS JUME ADDIVISION MANAGERS FOR A RETAILER ITS A DOLG EAT DEAL GO GO GE ELD AREAS
495,MR. RONER SAY THAT THE ERTIFFSTATE IS SEELED
496,THE NASDAQ COMPOSITE INDEX OF FOUR THOUSAND SIX HUNDRED THIRTY EIGHT STOCKS CLOSED AT THREE HUNDRED SEVENTY FOUR POINT SIX FIVE DOWN ZERO POINT ONE SIX
497,BUT IT WASN'T MEDIATELY CLEAR IF THE BILL WOULD AND TAKEOVER SPECULATION ABOUT BATEMENT HUTSON PERIOD
498,NEITHER DID BELGURE POSSISLES IT LENDED PERIOD
499,SOYBEAN FEATURES LED THE DECLINES COMMA WITH PRICES FOR NOVEMBER DELIVERY FOLLLY TWENTY EIGHT POINT FIVE CENTS A BUSHEL TO EIGHT DOLLARS AND THIRTY ONE CENTS A BUSHEL PERIOD
500,EARLY LAST RECOMMA MR. TRUND DED OFFER CONCESSIONS PERIOD
501,MR. ZEEH TO IS IRAQ'S LINKED TO THE U. S. IS ESPECIALLY SENTENCED A ABOUT THE AMERICAN DECEPTION OVER IRAN
502,TELEVISION SAID MAKERS REAGAR LEE SCHEDULED T. V. PROGRAMING BEGAN HERE HAVE LOST OUTS THE JAPANESE AND EUROPEANS
503,FOR HIS TOP AIDE COMMA HE PICKED CONTRACT IN ORGANIZING CHIEF WALTER SHE COMMA WHO ENDED HIS OWN BID TO BE PRESIDENT BY BACKING MR. MCCARTHY PERIOD
504,MR. BOND COULD USE THE LONG ROH HOLDING TO EXERTIT AND FOUNCE ON ITS BUSINESS PERIOD
505,MR. SEMMANS COULDN'T MEET A LABE REACHED FOR COMMENT
506,SHAMROCK'S PRETAX PROFIT FROM THE SALE WAS ONE HUNDRED TWENTY FIVE MILLION DOLLARS OF SPOKESWOMAN SAID
507,THE COMPANY SAID THE GROUP'S DOMESTIC AND INTERNATIONAL OPERATIONS WILL BE SOLD SEPARATELY
508,HE WAS STRIPPED OF HIS PARTY TITLES AND STOCK OUT COMMA RIPPING UP HIS LIQUID MEMBERSHIP CARD DEFORE THE WAITING TELEVISION CAMERAS
509,DOUBLE-QUOTE DON'T UNDER ESTIMATES COMMA DOUBLE-QUOTE SAYS NAM J. H. COMMA THE CHAIRMAN OF THE DEBER CRATIC JUST A PARTY'S POLICY TO MIDDE PERIOD
510,STORIES OF THE LEFTING ANTICS OF BRITAIN'S LOCAL GOVERNMENTS HAVE APPEARED IN THE BRITISH PRESS FOR SEVERAL YEARS
511,THE SENSE OF IN PENDING DOOM HAS STYMING TEAM OR THAT SHOMATED TEAM OR BUT SHE SAID
512,IN A SEPARATE INCIDENT A U. S. DERSAW ARE FIRED MACHINE GUT AWARNING SHATS AT TWO SMALL AND IDENTIFIED BOATS THAT APPROACH THE CONVORY
513,BUT SOME AY VETER OFF LOOKING FOR INSURANCE OUTSIDE THE EMPLOYERS CONTINUED GROUP RATE PLAN
514,WHITE BUREAUCRATS ARE IN THE DRIVER'S SEAT AND BLACKS RIGHTLY FEAR WHAT THE TANKS WEAPONS CAN DO TO THEM
515,THE AVERAGE MARKET DECLINE FOR THE SUBSICIQENT QUARTER IN THOSE CASES WAS ABOUT SEVEN PERCENT PERIOD
516,THE CONTRACT'S PROVIDED THAT THE ENERGY DEPARTMENT WOULD COVER COSTS COMMA PLUS AN ANNUAL FEE COMPOSE OF A GARMANTEED BASE PAYMENT AND A PERFORMANCE BOERNS PORES PERIOD
517,SINCE E. SCHEME IS THE BLUE PRINT FOR A PROTEIN THE DEFECT IS KNOWN TO INVOLVE A PROTEIN THAT AFFECTS MSON IN TO INVOLVE A PROTEIN THAT AFFECTS MESSY EACH
518,A COURTENT TO HIGH SLASH LOWER RESEARCH COMMA THIRTY FIVE MILLION PEOPLE PURCHASE OFFICING LICENS IN NINETEEN EIGHTY FOUR PERIOD
519,ACTURILY COMMA SINCE ITS GROWN THE THIRTY EIGHT ILLICTED A LOT COMMA DOUBLE-QUOTE HE SAYS PERIOD
520,THE BRITISH PUBLIC HAS GOT USED TO ENJOY SUCH LOUING LAFE TO STORIES AS PART OF ITS REGULAR NEWSPAPER DIET
521,DOUBLE-QUOTE I TOLD THEM IT'S THE END OF IDEOLOGY COMMA DOUBLE-QUOTE SAYS MR. AMMARHA COMMA A PARTY VETERAN PERIOD
522,DOUBLE-QUOTE THERE ISN'T MUCH PROGRESS AND SEVENTEEN DAYS PERIOD
